<?xml version="1.0" encoding="UTF-8" ?>
<!DOCTYPE mapper PUBLIC "-//mybatis.org//DTD Mapper 3.0//EN" "http://mybatis.org/dtd/mybatis-3-mapper.dtd">
<mapper namespace="com.thinkgem.jeesite.modules.mmy.user.dao.ClassInfoDao">
    <select id="get" resultType="ClassInfo">
		SELECT 
			*
		FROM class_info where id=#{id} and del_flag=#{DEL_FLAG_NORMAL}
	</select>
	
	<select id="getByGradeId" resultType="ClassInfo">
		SELECT 
			*
		FROM class_info
		<where>
		del_flag=#{DEL_FLAG_NORMAL}
				<if test="gradeId!=null and gradeId!=''">
				and grade_id=#{gradeId} 				
				</if>		
		</where>
		ORDER BY create_time
	</select>
	<select id="countByClassName" resultType="int">
		select count(1) from class_info where name=#{name} and del_flag=#{DEL_FLAG_NORMAL}
	</select>
	<insert id="insert">
		INSERT INTO class_info (id,name,creater,create_time,del_flag,grade_id) values (#{id},#{name},#{creater},#{createTime},#{DEL_FLAG_NORMAL},#{gradeId})
	</insert>
	<update id="updateClassName">
		update class_info set name=#{name} where id=#{id} and del_flag=#{delFlag}
	</update>
	<update id="delById">
		update class_info set del_flag=#{DEL_FLAG_DELETE} where id=#{id}
	</update>
	
</mapper>